NameRu,UtcOffset,PostalCode,Latitude,Longitude
Адыгейск,3,385200,44.878414,39.190289
Майкоп,3,385000,44.6098268,40.1006606
Горно-Алтайск,7,649000,51.9581028,85.9603235
Алейск,7,658125,52.4922513,82.7793606
Барнаул,7,656000,53.3479968,83.7798064
Белокуриха,7,659900,51.996152,84.9839604
Бийск,7,659300,52.5393864,85.2138453
Горняк,7,658420,50.9979622,81.4643358
Заринск,7,659100,53.7063476,84.9315081
Змеиногорск,7,658480,51.1581094,82.1872547
Камень-на-Оби,7,658700,53.7913974,81.3545053
Новоалтайск,7,658041,53.4119759,83.9311069
Рубцовск,7,658200,51.5012067,81.2078695
Славгород,7,658820,52.999463,78.6459232
Яровое,7,658837,52.9252146,78.5729775
Белогорск,9,676805,50.9213415,128.4739471
Благовещенск,9,675000,50.290659,127.527198
Завитинск,9,676870,50.1064111,129.4391813
Зея,9,676151,53.7340088,127.265787
Райчихинск,9,676770,49.7941615,129.4112492
Свободный,9,676450,51.3614103,128.1219729
Сковородино,9,676011,53.9871095,123.9437205
Тында,9,676280,55.1546441,124.7468904
Циолковский,9,676470,51.762481,128.1219846
Шимановск,9,676301,52.0051886,127.7005458
Архангельск,3,163000,64.5394289,40.5169606
Вельск,3,165150,61.066,42.1032789
Каргополь,3,164110,61.5009724,38.9636966
Коряжма,3,165650,61.2885948,47.1003015
Котлас,3,165300,61.2528972,46.633242
Мезень,3,164750,65.8398078,44.2532273
Мирный,3,164170,62.7645265,40.3360076
Новодвинск,3,164900,64.4136851,40.8208143
Няндома,3,164200,61.6654674,40.2062947
Онега,3,164840,63.9162928,38.0805031
Северодвинск,3,164500,64.5625385,39.8180934
Сольвычегодск,3,165330,61.3319616,46.920441
Шенкурск,3,165160,62.1057272,42.8996973
Астрахань,4,414000,46.3655652,48.0559236
Ахтубинск,4,416500,48.2752034,46.1906462
Знаменск,4,416540,48.5866291,45.7368019
Камызяк,4,416340,46.110579,48.07333
Нариманов,4,416111,46.6916565,47.8502476
Харабали,4,416010,47.408999,47.2525345
Агидель,5,452920,55.8999056,53.9220144
Баймак,5,453630,52.5912896,58.3110998
Белебей,5,452000,54.1034582,54.1113129
Белорецк,5,453500,53.9676488,58.4100419
Бирск,5,452450,55.4155753,55.5582214
Благовещенск,5,453430,55.0499867,55.9553186
Давлеканово,5,453400,54.2226707,55.0312373
Дюртюли,5,452320,55.4848318,54.8524765
Ишимбай,5,453200,53.4545764,56.0438751
Кумертау,5,453300,52.7564939,55.7970197
Межгорье,5,453570,54.2397689,57.9614547
Мелеуз,5,453853,52.9589532,55.9282838
Нефтекамск,5,452680,56.088377,54.2483061
Октябрьский,5,452601,54.4815311,53.4655972
Салават,5,453250,53.3616974,55.9245224
Сибай,5,453830,52.7204651,58.6663783
Стерлитамак,5,453100,53.6300864,55.9317089
Туймазы,5,452750,54.5999224,53.6950623
Уфа,5,450000,54.734944,55.9578468
Учалы,5,453700,54.3067375,59.4125461
Янаул,5,452800,56.2650146,54.929907
Алексеевка,3,309850,50.6299647,38.6880342
Белгород,3,308000,50.5976472,36.5856652
Бирюч,3,309910,50.6484585,38.4005083
Валуйки,3,309990,50.2111207,38.0998772
Грайворон,3,309370,50.4862958,35.6663877
Губкин,3,309180,51.2837123,37.5347759
Короча,3,309210,50.8129041,37.1896436
Новый Оскол,3,309640,50.7633747,37.8775484
Старый Оскол,3,309500,51.2967101,37.8350182
Строитель,3,309070,50.7845099,36.4887648
Шебекино,3,309290,50.4004883,36.8877889
Брянск,3,241000,53.2419535,34.3652146
Дятьково,3,242600,53.5958178,34.3551812
Жуковка,3,242700,53.5340397,33.7302579
Злынка,3,243600,52.4267015,31.7360399
Карачев,3,242500,53.1296524,34.9888727
Клинцы,3,243140,52.7529119,32.233911
Мглин,3,243220,53.0599771,32.8468129
Новозыбков,3,243020,52.537173,31.9357991
Почеп,3,243400,52.9154851,33.4744058
Севск,3,242440,52.1483358,34.4918415
Сельцо,3,241550,53.3739884,34.1059172
Стародуб,3,243240,52.5852257,32.760403
Сураж,3,243500,53.0170888,32.3938878
Трубчевск,3,242220,52.5791734,33.7660547
Унеча,3,243300,52.8461199,32.6757629
Фокино,3,242610,53.4554145,34.4159238
Бабушкин,8,671230,51.7112755,105.8673219
Гусиноозерск,8,671160,51.2865048,106.5230319
Закаменск,8,671950,50.372713,103.286699
Кяхта,8,671840,50.346543,106.4533516
Северобайкальск,8,671700,55.635614,109.3361505
Улан-Удэ,8,670000,51.8335853,107.5842223
Александров,3,601650,56.391819,38.7111123
Владимир,3,600000,56.1280804,40.4084376
Вязники,3,601440,56.29773,42.2687398
Гороховец,3,601480,56.2021036,42.6926111
Гусь-Хрустальный,3,601500,55.6198751,40.6579929
Камешково,3,601300,56.3490152,40.9955183
Карабаново,3,601640,56.3131822,38.7034257
Киржач,3,601010,56.1486863,38.8635701
Ковров,3,601900,56.3554349,41.3170576
Кольчугино,3,601780,56.3327254,39.391336
Костерево,3,601110,55.9337222,39.6247398
Курлово,3,601570,55.452698,40.6124108
Лакинск,3,601240,56.0180587,39.956551
Меленки,3,602101,55.3387515,41.6340046
Муром,3,602205,55.5630311,42.0231362
Петушки,3,601140,55.9298134,39.4508075
Покров,3,601120,55.9166398,39.1734526
Радужный,3,600910,55.9960277,40.3321855
Собинка,3,601201,55.9939169,40.0179653
Струнино,3,601670,56.3749967,38.5839667
Судогда,3,601351,55.9498056,40.8562939
Суздаль,3,601291,56.4274441,40.4525692
Юрьев-Польский,3,601800,56.4937757,39.6680539
Волгоград,4,400000,48.7070042,44.5170339
Волжский,4,404100,48.7978209,44.7462538
Дубовка,4,404002,49.0554742,44.8270085
Жирновск,4,403790,50.9768814,44.7858202
Калач-на-Дону,4,404500,48.6889024,43.5306303
Камышин,4,403870,50.0651529,45.3844202
Котельниково,4,404350,47.6310259,43.1330872
Котово,4,403801,50.3205766,44.8030699
Краснослободск,4,404160,48.7068721,44.5630857
Ленинск,4,404620,48.6936061,45.1992692
Михайловка,4,403340,50.0708719,43.2401512
Николаевск,4,404030,50.0165306,45.4731658
Новоаннинский,4,403950,50.5296067,42.6666439
Палласовка,4,404260,50.0500944,46.8804277
Петров Вал,4,403840,50.1380557,45.20914
Серафимович,4,403441,49.5663183,42.7360402
Суровикино,4,404410,48.618917,42.8541163
Урюпинск,4,403110,50.7903789,42.0288513
Фролово,4,403530,49.7649148,43.6648641
Бабаево,3,162480,59.3892583,35.9377058
Белозерск,3,161200,60.0308381,37.7890586
Великий Устюг,3,162390,60.7603913,46.3054414
Вологда,3,160000,59.2483905,39.8355662
Вытегра,3,162900,61.0063465,36.4495137
Грязовец,3,162000,58.8757553,40.2485362
Кадников,3,162107,59.5037764,40.3441148
Кириллов,3,161100,59.8591523,38.3748782
Красавино,3,162341,60.9612823,46.4814116
Никольск,3,161440,59.5351837,45.4576137
Сокол,3,162129,59.4758605,40.1114187
Тотьма,3,161300,59.9734998,42.7589506
Устюжна,3,162840,58.8383117,36.4425478
Харовск,3,162250,59.9479423,40.2000298
Череповец,3,162600,59.1269212,37.9090497
Бобров,3,397700,51.0901649,40.0318256
Богучар,3,396790,49.9352454,40.5590801
Борисоглебск,3,397160,51.3655754,42.1008334
Бутурлиновка,3,397500,50.8311818,40.5976923
Воронеж,3,394000,51.6593332,39.1969229
Калач,3,397600,50.4242134,41.0162014
Лиски,3,397900,50.9945626,39.5184909
Нововоронеж,3,396070,51.3091524,39.2162843
Новохоперск,3,397400,51.0952211,41.6173404
Острогожск,3,397837,50.8677905,39.0407746
Павловск,3,396420,50.453455,40.136874
Поворино,3,397350,51.1954419,42.2472726
Россошь,3,396650,50.1701949,39.6226965
Семилуки,3,396900,51.6951644,39.0190454
Эртиль,3,397030,51.830932,40.8074182
Буйнакск,3,368220,42.8214424,47.1165263
Дагестанские Огни,3,368670,42.1152296,48.1939354
Дербент,3,368000,42.058966,48.2907452
Избербаш,3,368500,42.5650962,47.8710051
Каспийск,3,368300,42.8916007,47.6367066
Кизилюрт,3,368120,43.203825,46.8729636
Кизляр,3,368830,43.8484083,46.7233699
Махачкала,3,367000,42.9849159,47.5047181
Хасавюрт,3,368000,43.2504665,46.5851292
Южно-Сухокумск,3,368890,44.6602467,45.6499523
Биробиджан,10,679002,48.7946446,132.9217207
Облучье,10,679100,49.0189345,131.0540102
Балей,9,673450,51.5823759,116.6379549
Борзя,9,674600,50.3876058,116.5234779
Краснокаменск,9,674670,50.0929703,118.0323936
Могоча,9,673730,53.7361398,119.7660867
Нерчинск,9,673400,51.9594977,116.5852383
Петровск-Забайкальский,9,673000,51.2748592,108.846681
Сретенск,9,673500,52.2461454,117.7117842
Хилок,9,673200,51.3634856,110.4590898
Чита,9,672000,52.0340142,113.4994
Шилка,9,673303,51.8497035,116.0334461
Вичуга,3,155330,57.2044698,41.9132201
Гаврилов Посад,3,155000,56.5586946,40.1228906
Заволжск,3,155410,57.4918141,42.1375625
Иваново,3,153000,56.9993792,40.9728272
Кинешма,3,155800,57.4425463,42.168914
Комсомольск,3,155150,57.0273052,40.3776851
Кохма,3,153510,56.9324606,41.0931657
Наволоки,3,155830,57.4679066,41.9608002
Плес,3,155555,57.4606031,41.5122672
Приволжск,3,155550,57.3805743,41.2808565
Пучеж,3,155360,56.9820688,43.1683321
Родники,3,155250,57.1025975,41.7298834
Тейково,3,155040,56.8542719,40.5353874
Фурманов,3,155520,57.2539276,41.1054432
Шуя,3,155900,56.8560234,41.3800939
Южа,3,155630,56.5926877,42.0458099
Юрьевец,3,155450,57.3177781,43.1110401
Карабулак,3,386230,43.3055248,44.9094582
Магас,3,386001,43.1688611,44.8131207
Малгобек,3,386300,43.5096646,44.5901963
Назрань,3,386100,43.2257841,44.7645779
Сунжа,3,386200,43.3204196,45.0476331
Алзамай,8,665160,55.5551233,98.6643699
Ангарск,8,665800,52.544879,103.888543
Байкальск,8,665930,51.5230393,104.1487532
Бирюсинск,8,665050,55.9609167,97.8205348
Бодайбо,8,666901,57.8468636,114.1866287
Братск,8,665700,56.1513108,101.6340035
Вихоревка,8,665770,56.1208145,101.1702926
Железногорск-Илимский,8,665650,56.5847888,104.114275
Зима,8,665382,53.920693,102.0491772
Иркутск,8,664000,52.2864036,104.2807466
Киренск,8,666700,57.7756595,108.1109412
Нижнеудинск,8,665100,54.8968931,99.0314056
Саянск,8,666300,54.1107238,102.18015
Свирск,8,665420,53.0842668,103.3364093
Слюдянка,8,665902,51.6563983,103.7187545
Тайшет,8,665000,55.9405334,98.0030145
Тулун,8,665250,54.557162,100.5780603
Усолье-Сибирское,8,665450,52.7565808,103.6388109
Усть-Илимск,8,666671,57.9430504,102.7415734
Усть-Кут,8,666780,56.7928178,105.7757343
Черемхово,8,665400,53.1369095,103.0901268
Шелехов,8,666031,52.2102538,104.0973294
Баксан,3,361500,43.6819137,43.5345036
Майский,3,361110,43.6281516,44.0517314
Нальчик,3,360000,43.4845464,43.60713
Нарткала,3,361330,43.5578075,43.8575925
Прохладный,3,361040,43.7589602,44.0102409
Терек,3,361200,43.4839358,44.1402161
Тырныауз,3,361621,43.3981585,42.9213582
Чегем,3,361400,43.5671525,43.5865792
Багратионовск,2,238420,54.3866518,20.6418091
Балтийск,2,238520,54.6513372,19.9140572
Гвардейск,2,238210,54.6588378,21.0501388
Гурьевск,2,238300,54.770638,20.6039767
Гусев,2,238050,54.5915455,22.1942445
Зеленоградск,2,238326,54.9600185,20.4753652
Калининград,2,236001,54.7074702,20.5073241
Краснознаменск,2,238730,54.9453423,22.4928745
Ладушкин,2,238460,54.5692156,20.1690153
Мамоново,2,238450,54.4646036,19.9453482
Неман,2,238710,55.0316524,22.0324064
Нестеров,2,238010,54.6313814,22.5713736
Озерск,2,238120,54.4084705,22.0134438
Пионерский,2,238590,54.9516574,20.2277424
Полесск,2,238630,54.8625126,21.0998067
Правдинск,2,238400,54.4430986,21.0085269
Приморск,2,238510,54.7311437,19.9981926
Светлогорск,2,238560,54.9439286,20.1514295
Светлый,2,238340,54.6772897,20.1357595
Славск,2,238600,55.0449714,21.6742367
Советск,2,238750,55.0809336,21.8886106
Черняховск,2,238150,54.6244751,21.7969062
Городовиковск,3,359050,46.0875083,41.935537
Лагань,3,359220,45.3930912,47.3432602
Элиста,3,358000,46.3083344,44.2702088
Балабаново,3,249000,55.1773714,36.6566951
Белоусово,3,249160,55.0956803,36.677629
Боровск,3,249010,55.2130096,36.4926251
Ермолино,3,249026,55.1971758,36.5952722
Жиздра,3,249340,53.7521926,34.7386592
Жуков,3,249190,55.0301833,36.7394903
Калуга,3,248000,54.5059848,36.2516245
Киров,3,249440,54.0790111,34.3076201
Козельск,3,249720,54.0347201,35.780768
Кондрово,3,249830,54.7959473,35.9274842
Кременки,3,249185,54.8862447,37.1168701
Людиново,3,249400,53.8700828,34.4385915
Малоярославец,3,249091,55.0177123,36.4633603
Медынь,3,249950,54.9689785,35.8872168
Мещовск,3,249240,54.3191471,35.2816918
Мосальск,3,249930,54.4824939,34.9872239
Обнинск,3,249030,55.0943144,36.6121639
Сосенский,3,249710,54.0566016,35.9621646
Спас-Деменск,3,249610,54.409922,34.0189631
Сухиничи,3,249270,54.097296,35.3443568
Таруса,3,249100,54.7236477,37.1671
Юхнов,3,249910,54.7446445,35.2424346
Вилючинск,12,684090,52.9302415,158.4057632
Елизово,12,684000,53.1830375,158.3883548
Петропавловск-Камчатский,12,683000,53.036908,158.6559254
Карачаевск,3,369200,43.7732525,41.9143472
Теберда,3,369210,43.4437731,41.7415142
Усть-Джегута,3,369300,44.0838442,41.9711046
Черкесск,3,369000,44.2269425,42.0466704
Беломорск,3,186500,64.5378417,34.7799462
Кемь,3,186610,64.9543539,34.5949263
Кондопога,3,186220,62.2059817,34.2682122
Костомукша,3,186930,64.5889398,30.6016832
Лахденпохья,3,186730,61.518881,30.1996116
Медвежьегорск,3,186350,62.9127626,34.4568489
Олонец,3,186000,60.9794025,32.9725519
Петрозаводск,3,185000,61.7891264,34.3596434
Питкяранта,3,186810,61.5757191,31.4640557
Пудож,3,186150,61.8058821,36.5329941
Сегежа,3,186420,63.7437572,34.3126982
Сортавала,3,186790,61.703367,30.6916998
Суоярви,3,186870,62.0787293,32.3499386
Анжеро-Судженск,7,652470,56.0786281,86.0201278
Белово,7,652600,54.4220968,86.3037373
Березовский,7,652420,55.6693513,86.2744459
Гурьевск,7,652780,54.2859263,85.9475985
Калтан,7,652740,53.5210919,87.2771636
Кемерово,7,650000,55.3910651,86.0467781
Киселевск,7,652700,54.0059999,86.6366116
Ленинск-Кузнецкий,7,652500,54.6674492,86.1797324
Мариинск,7,652150,56.2127383,87.7454924
Междуреченск,7,652870,53.6865289,88.0702754
Мыски,7,652840,53.7125695,87.8055646
Новокузнецк,7,654000,53.794315,87.2142745
Осинники,7,652800,53.5988055,87.3371272
Полысаево,7,652560,54.6055,86.2809208
Прокопьевск,7,652701,53.8604265,86.7183577
Салаир,7,652770,54.2351735,85.8030733
Тайга,7,652400,56.0622131,85.6207182
Таштагол,7,652990,52.759313,87.8476546
Топки,7,652300,55.2764707,85.6152619
Юрга,7,652050,55.7202694,84.8886399
Белая Холуница,3,613200,58.8415239,50.8460699
Вятские Поляны,3,612960,56.2284817,51.0614855
Зуевка,3,612410,58.4032152,51.1331606
Киров,3,610000,58.6035264,49.6679304
Кирово-Чепецк,3,613040,58.5559424,50.0316848
Кирс,3,612820,59.340056,52.2414437
Котельнич,3,612600,58.3034832,48.3475597
Луза,3,613980,60.6290609,47.2612445
Малмыж,3,612920,56.5243844,50.6782739
Мураши,3,613710,59.3955383,48.9638417
Нолинск,3,613440,57.5597284,49.93575
Омутнинск,3,612740,58.6698913,52.1894564
Орлов,3,612270,58.5389776,48.8927723
Слободской,3,613150,58.7311574,50.1669249
Советск,3,613341,57.584196,48.9590272
Сосновка,3,612990,56.2532741,51.2833642
Уржум,3,613530,57.1097477,50.0058097
Яранск,3,612260,57.3040326,47.8478737
Воркута,3,169900,67.4974082,64.061034
Вуктыл,3,169570,63.8615274,57.3165402
Емва,3,169200,62.5965137,50.8732125
Инта,3,169840,66.0367316,60.1152961
Микунь,3,169060,62.3579068,50.0719503
Печора,3,169600,65.148584,57.2239777
Сосногорск,3,169500,63.5989841,53.876293
Сыктывкар,3,167000,61.6686617,50.8358151
Усинск,3,169710,65.994147,57.5569423
Ухта,3,169300,63.5565514,53.7014239
Буй,3,157000,58.4733277,41.5306822
Волгореченск,3,156901,57.4424559,41.1594201
Галич,3,157200,58.3828191,42.3654013
Кологрив,3,157440,58.8269323,44.3184927
Кострома,3,156000,57.8029621,40.9908264
Макарьев,3,157460,57.8807152,43.8014197
Мантурово,3,157300,58.3265441,44.757494
Нерехта,3,157800,57.4543369,40.5723598
Нея,3,157331,58.2943349,43.8780948
Солигалич,3,157170,59.0784867,42.2878423
Чухлома,3,157130,58.753421,42.6884958
Шарья,3,157500,58.3760542,45.4062414
Абинск,3,353320,44.8679655,38.1618157
Анапа,3,353440,44.8950433,37.3163282
Апшеронск,3,352690,44.4584006,39.7299824
Армавир,3,352900,45.0012149,41.1324168
Белореченск,3,352630,44.7651876,39.8781494
Геленджик,3,353460,44.5630007,38.0790852
Горячий Ключ,3,353288,44.6344864,39.1354738
Гулькевичи,3,352190,45.3605121,40.6918389
Ейск,3,353680,46.71157,38.2763895
Кореновск,3,353180,45.4641703,39.458949
Краснодар,3,350000,45.0401604,38.9759647
Кропоткин,3,352380,45.4333007,40.5727951
Крымск,3,353380,44.9344404,37.9855795
Курганинск,3,352430,44.8877025,40.5913245
Лабинск,3,352500,44.6354363,40.7245341
Новокубанск,3,352240,45.1038699,41.0475175
Новороссийск,3,353900,44.7235026,37.7686135
Приморско-Ахтарск,3,353860,46.0515432,38.1704875
Славянск-на-Кубани,3,353560,45.2603626,38.1259774
Сочи,3,354000,43.5854551,39.7231548
Темрюк,3,353500,45.2610949,37.4454412
Тимашевск,3,352700,45.615923,38.9351837
Тихорецк,3,352120,45.8546345,40.1260267
Туапсе,3,352800,44.1105335,39.0824904
Усть-Лабинск,3,352330,45.2227359,39.6929577
Хадыженск,3,352680,44.4122963,39.5320258
Артемовск,7,662951,54.3473075,93.4358377
Ачинск,7,662150,56.253907,90.4794397
Боготол,7,662060,56.2098468,89.5299336
Бородино,7,663980,55.9054121,94.9020967
Дивногорск,7,663081,55.9576784,92.3800687
Дудинка,7,647000,69.4031364,86.1907218
Енисейск,7,663150,58.4485261,92.1651083
Железногорск,7,662970,56.2529035,93.532273
Заозерный,7,663960,55.9617752,94.7091491
Зеленогорск,7,663690,56.1131564,94.5888103
Игарка,7,663200,67.4666901,86.5812794
Иланский,7,663800,56.2374037,96.067267
Канск,7,663600,56.2051282,95.7051096
Кодинск,7,663491,58.6032644,99.1797962
Красноярск,7,660000,56.0093879,92.8524806
Лесосибирск,7,662541,58.221681,92.5037872
Минусинск,7,662600,53.7104586,91.6872907
Назарово,7,662200,56.0113799,90.4168775
Норильск,7,663300,69.3489978,88.2009846
Сосновоборск,7,662500,56.1202647,93.3354121
Ужур,7,662251,55.3141969,89.8333918
Уяр,7,663920,55.8131263,94.3282601
Шарыпово,7,662310,55.5389739,89.1801044
Ялта,3,298676,44.4164605,34.0444797
Алушта,3,298500,44.6764304,34.4100624
Армянск,3,296012,46.1059307,33.6910012
Бахчисарай,3,298400,44.7514769,33.8752176
Белогорск,3,297600,45.057202,34.5999029
Джанкой,3,296100,45.7092306,34.3883372
Евпатория,3,297402,45.190629,33.367634
Керчь,3,298300,45.3562627,36.4674513
Красноперекопск,3,296000,45.9537576,33.7921939
Саки,3,296500,45.1341997,33.6033383
Симферополь,3,295000,44.9482948,34.1001151
Старый Крым,3,297345,45.029058,35.0901474
Судак,3,298000,44.8504679,34.9762034
Феодосия,3,298100,45.0318393,35.3824259
Щелкино,3,298213,45.4288991,35.825165
Ялта,3,298600,44.4953612,34.166308
Далматово,5,641730,56.262114,62.9387011
Катайск,5,641700,56.290809,62.5800359
Курган,5,640002,55.4443883,65.3161963
Куртамыш,5,641430,54.9368539,64.4203722
Макушино,5,641600,55.2153947,67.2451705
Петухово,5,641640,55.0650077,67.8873408
Шадринск,5,641870,56.0870344,63.6297182
Шумиха,5,641100,55.2280246,63.2901272
Щучье,5,641010,55.2087637,62.7478548
Дмитриев,3,307500,52.1268464,35.0739038
Железногорск,3,307170,52.3380202,35.3516867
Курск,3,305000,51.7303637,36.1925603
Курчатов,3,307250,51.6604083,35.6572224
Льгов,3,307750,51.6597148,35.2612491
Обоянь,3,306230,51.2119324,36.2755133
Рыльск,3,307370,51.5681314,34.6802597
Суджа,3,307800,51.1918927,35.2720915
Фатеж,3,307100,52.0917728,35.8538706
Щигры,3,306509,51.8786014,36.8910945
Бокситогорск,3,187650,59.4734797,33.845688
Волосово,3,188410,59.4445408,29.4923355
Волхов,3,187401,59.9005958,32.3520756
Всеволожск,3,188640,60.0191278,30.6456718
Выборг,3,188800,60.7130801,28.7328336
Высоцк,3,188909,60.6296236,28.5709314
Гатчина,3,188300,59.565237,30.1282473
Ивангород,3,188490,59.3766119,28.2231659
Каменногорск,3,188950,60.950855,29.1308372
Кингисепп,3,188455,59.3740435,28.6112444
Кириши,3,187110,59.4742862,32.0624947
Кировск,3,187340,59.8754216,30.981364
Коммунар,3,188320,59.6215133,30.3934125
Кудрово,3,188691,59.9075226,30.5121008
Лодейное Поле,3,187700,60.7320936,33.5521022
Луга,3,188230,58.7374031,29.8465776
Любань,3,187050,59.3493847,31.2484801
Мурино,3,188662,60.044862,30.4571456
Никольское,3,187026,59.7043309,30.7874571
Новая Ладога,3,187450,60.1100135,32.3141203
Отрадное,3,187330,59.7726848,30.7988557
Пикалево,3,187600,59.5132022,34.1772776
Подпорожье,3,187780,60.9127549,34.1567664
Приморск,3,188910,60.3660209,28.6135772
Приозерск,3,188760,61.0330896,30.1587851
Светогорск,3,188990,61.1111282,28.8725865
Сертолово,3,188650,60.1446932,30.2095918
Сланцы,3,188560,59.1178185,28.0881475
Сосновый Бор,3,188540,59.8772884,29.1291619
Сясьстрой,3,187420,60.1401739,32.5601559
Тихвин,3,187550,59.6272904,33.5072731
Тосно,3,187000,59.5407098,30.877812
Шлиссельбург,3,187320,59.9443714,31.0333365
Грязи,3,399050,52.4874097,39.9331142
Данков,3,399850,53.2577411,39.1456184
Елец,3,399770,52.6152411,38.5289342
Задонск,3,399200,52.4004179,38.9205032
Лебедянь,3,399610,53.0156117,39.143536
Липецк,3,398000,52.610249,39.5947883
Усмань,3,399341,52.0442648,39.726401
Чаплыгин,3,399900,53.24048,39.9670973
Магадан,11,685000,59.5681332,150.8084956
Сусуман,11,686314,62.7805882,148.1540281
Волжск,3,425000,55.8623156,48.3715083
Звенигово,3,425060,55.9738571,48.0170245
Йошкар-Ола,3,424000,56.6343662,47.8999706
Козьмодемьянск,3,425350,56.3334036,46.546675
Ардатов,3,431850,54.8465544,46.2411232
Инсар,3,431430,53.8770022,44.3696566
Ковылкино,3,431350,54.0391072,43.9191539
Краснослободск,3,431260,54.4248207,43.7845011
Рузаевка,3,431440,54.0581967,44.9490466
Саранск,3,430000,54.1809332,45.1862632
Темников,3,431220,54.6310583,43.2161099
Апрелевка,3,143360,55.5276918,37.065143
Балашиха,3,143900,55.796389,37.938283
Белоозерский,3,140250,55.4595766,38.4389742
Бронницы,3,140170,55.4255379,38.264145
Верея,3,143330,55.3673997,36.1563454
Видное,3,142700,55.551725,37.7061984
Волоколамск,3,143600,56.0356499,35.9585112
Воскресенск,3,140200,55.3071519,38.7027953
Высоковск,3,141650,56.3359513,36.5251837
Голицыно,3,143040,55.6190582,36.9856793
Дедовск,3,143530,55.8703276,37.1245043
Дзержинский,3,140090,55.6240869,37.8440276
Дмитров,3,141800,56.3477457,37.526672
Долгопрудный,3,141700,55.9385999,37.5101021
Домодедово,3,142000,55.4363283,37.7664984
Дрезна,3,142660,55.7443143,38.8498479
Дубна,3,141980,56.741786,37.1757223
Егорьевск,3,140300,55.3830113,39.0358317
Жуковский,3,140180,55.599803,38.1224298
Зарайск,3,140600,54.762456,38.8850978
Звенигород,3,143180,55.7297089,36.8554029
Ивантеевка,3,141280,55.9741665,37.9207539
Истра,3,143500,55.9062267,36.8601454
Кашира,3,142900,54.853337,38.1904392
Клин,3,141601,56.3425605,36.7240032
Коломна,3,140400,55.102814,38.7531002
Королев,3,141060,55.9161773,37.8545415
Котельники,3,140053,55.6597925,37.8631156
Красноармейск,3,141290,56.105426,38.140838
Красногорск,3,143401,55.8317203,37.3295266
Краснозаводск,3,141321,56.4409979,38.2320307
Краснознаменск,3,143090,55.5978959,37.0393709
Кубинка,3,143070,55.5754955,36.6951995
Куровское,3,142620,55.5792277,38.9207723
Ликино-Дулёво,3,142663,55.7078257,38.9578093
Лобня,3,141055,56.0328881,37.4614035
Лосино-Петровский,3,141150,55.8713214,38.200599
Луховицы,3,140500,54.9652077,39.0260266
Лыткарино,3,140080,55.5778163,37.9033507
Люберцы,3,140000,55.7003989,37.9606238
Можайск,3,143200,55.5069259,36.024043
Мытищи,3,141000,55.9105782,37.7363579
Наро-Фоминск,3,143300,55.386185,36.734484
Ногинск,3,142400,55.8686133,38.4622104
Одинцово,3,143000,55.6789455,37.263686
Озеры,3,140560,54.8541006,38.5599196
Орехово-Зуево,3,142600,55.8151421,38.9869822
Павловский Посад,3,142500,55.7807244,38.6596983
Пересвет,3,141320,56.4158326,38.1733534
Подольск,3,142100,55.4389322,37.5703482
Протвино,3,142280,54.8705984,37.2182749
Пушкино,3,141200,56.0103638,37.8471403
Пущино,3,142290,54.8324412,37.6210346
Раменское,3,140100,55.5495132,38.2728914
Реутов,3,143960,55.7582621,37.8618553
Рошаль,3,140730,55.6632776,39.8656147
Руза,3,143100,55.7014744,36.1959206
Сергиев Посад,3,141300,56.3062548,38.1502661
Серпухов,3,142200,54.9226466,37.4033859
Солнечногорск,3,141503,56.185102,36.977631
Старая Купавна,3,142450,55.8038532,38.1426842
Ступино,3,142800,54.9238928,38.1186623
Талдом,3,141900,56.7308564,37.5276003
Фрязино,3,141190,55.9590588,38.0410235
Химки,3,141402,55.888657,37.4303702
Хотьково,3,141370,56.2516982,37.9396017
Черноголовка,3,142432,56.0100707,38.3792047
Чехов,3,142300,55.1508011,37.4533252
Шатура,3,140700,55.5777427,39.5445712
Щелково,3,141100,55.9233801,37.9783707
Электрогорск,3,142530,55.8780241,38.7806752
Электросталь,3,144000,55.7847291,38.4447045
Электроугли,3,142455,55.7170877,38.2192563
Яхрома,3,141840,56.2890516,37.4831799
Апатиты,3,184200,67.5677761,33.4067929
Гаджиево,3,184670,69.2491311,33.315341
Заозерск,3,184310,69.4003584,32.4501496
Заполярный,3,184430,69.4132852,30.7984312
Кандалакша,3,184042,67.1567974,32.4143218
Кировск,3,184250,67.6150424,33.663735
Ковдор,3,184144,67.5661417,30.4741941
Кола,3,184380,68.8786028,33.0262299
Мончегорск,3,184505,67.9386153,32.9359719
Мурманск,3,183000,69.007721,33.0685865
Оленегорск,3,184530,68.1422058,33.2669407
Островной,3,184640,68.0510344,39.5077846
Полярные Зори,3,184230,67.373084,32.4975636
Полярный,3,184650,69.1989583,33.4508591
Североморск,3,184601,69.0766801,33.4177759
Снежногорск,3,184682,69.1921409,33.2383502
Нарьян-Мар,3,166000,67.6379672,53.0069565
Арзамас,3,607220,55.3945814,43.8408141
Балахна,3,606407,56.495036,43.5758423
Богородск,3,607600,56.1020828,43.5135442
Бор,3,606440,56.3565458,44.0646481
Ветлуга,3,606860,57.8559204,45.7761957
Володарск,3,606072,56.2169751,43.1596417
Ворсма,3,606120,55.989943,43.2718859
Выкса,3,607060,55.3207727,42.1678834
Горбатов,3,606125,56.1307769,43.0626185
Городец,3,606500,56.6449218,43.4723104
Дзержинск,3,606000,56.2376047,43.4599416
Заволжье,3,606520,56.6404286,43.3872492
Княгинино,3,606340,55.8205915,45.032337
Кстово,3,607650,56.1432084,44.1664198
Кулебаки,3,607010,55.4296181,42.5125538
Лукоянов,3,607800,55.0326225,44.4933807
Лысково,3,606210,56.0262359,45.035771
Навашино,3,607100,55.543811,42.1887089
Нижний Новгород,3,603000,56.3240627,44.0053913
Павлово,3,606100,55.9797564,43.0995042
Первомайск,3,607751,54.8675792,43.8013992
Перевоз,3,607400,55.5967718,44.5448369
Саров,3,607180,54.9228268,43.3448089
Семенов,3,606605,56.7889794,44.4902885
Сергач,3,607510,55.5201515,45.4813231
Урень,3,606803,57.4612572,45.7833293
Чкаловск,3,606540,56.7651262,43.242077
Шахунья,3,606910,57.6764293,46.6129009
Боровичи,3,174400,58.3840197,33.9175929
Валдай,3,175400,57.9823766,33.2369436
Великий Новгород,3,173000,58.5213846,31.2755394
Малая Вишера,3,174260,58.8458379,32.2247401
Окуловка,3,174350,58.3910296,33.2901557
Пестово,3,174510,58.5973723,35.8143898
Сольцы,3,175040,58.1201281,30.309351
Старая Русса,3,175200,57.990737,31.3554897
Холм,3,175270,57.145108,31.1787499
Чудово,3,174210,59.1248394,31.6866241
Барабинск,7,632330,55.35146,78.3464506
Бердск,7,633000,54.7582156,83.1070605
Болотное,7,633340,55.6692421,84.3906889
Искитим,7,633200,54.6267603,83.2951244
Карасук,7,632860,53.7343189,78.0422967
Каргат,7,632400,55.1945666,80.2829495
Куйбышев,7,632380,55.4685094,78.3242048
Купино,7,632730,54.366055,77.2973368
Новосибирск,7,630000,55.028191,82.9211489
Обь,7,633100,54.9945576,82.6937181
Татарск,7,632120,55.2146167,75.9739914
Тогучин,7,633450,55.2251631,84.4104118
Черепаново,7,633520,54.2206476,83.3724521
Чулым,7,632550,55.0906867,80.9592508
Исилькуль,6,646020,54.9096002,71.2816284
Калачинск,6,646900,55.0598155,74.5653644
Называевск,6,646100,55.5689323,71.3503426
Омск,6,644000,54.9848566,73.3674517
Тара,6,646530,56.9160511,74.3649194
Тюкалинск,6,646330,55.8703415,72.1954747
Абдулино,5,461743,53.6778906,53.6472483
Бугуруслан,5,461630,53.6523728,52.4326853
Бузулук,5,461040,52.7881277,52.2624877
Гай,5,462631,51.4649189,58.4436875
Кувандык,5,462240,51.4783857,57.3612636
Медногорск,5,462271,51.4037617,57.583163
Новотроицк,5,462351,51.1964202,58.3018192
Оренбург,5,460000,51.7875092,55.1018828
Орск,5,462400,51.2294282,58.4752777
Соль-Илецк,5,461504,51.1633736,54.9896726
Сорочинск,5,461900,52.426685,53.1542745
Ясный,5,462780,51.036838,59.874344
Болхов,3,303140,53.4438496,36.0076833
Дмитровск,3,303240,52.5054851,35.1415009
Ливны,3,303850,52.4284558,37.6039506
Малоархангельск,3,303360,52.4002192,36.5038579
Мценск,3,303030,53.2788438,36.5749105
Новосиль,3,303500,52.97454,37.0437146
Орёл,3,302000,52.9671298,36.0696427
Белинский,3,442250,52.9640996,43.4183212
Городище,3,442310,53.2726916,45.7026142
Заречный,3,442960,53.1960836,45.1689907
Каменка,3,442240,53.1855463,44.0469717
Кузнецк,3,442530,53.1130888,46.605092
Нижний Ломов,3,442150,53.5300905,43.6730217
Никольск,3,442680,53.7137496,46.0799857
Пенза,3,440000,53.1753314,45.0348625
Сердобск,3,442890,52.4697595,44.2122414
Спасск,3,442600,53.9271974,43.1859073
Сурск,3,442300,53.0761357,45.6910796
Александровск,5,618320,59.1613221,57.5763459
Березники,5,618400,59.4079923,56.8039427
Верещагино,5,617119,58.0797571,54.6581309
Горнозаводск,5,618820,58.3742532,58.3231716
Гремячинск,5,618270,58.5626082,57.8520572
Губаха,5,618250,58.8371721,57.554533
Добрянка,5,618730,58.469685,56.4130737
Кизел,5,618350,59.0512783,57.6471028
Красновишерск,5,618590,60.3901321,57.0535682
Краснокамск,5,617060,58.0822065,55.7479936
Кудымкар,5,619000,59.0167925,54.6572508
Кунгур,5,617470,57.4283296,56.9438656
Лысьва,5,618900,58.0995875,57.8086825
Нытва,5,617000,57.9336725,55.3356084
Оса,5,618120,57.2889515,55.4688668
Оханск,5,618100,57.7180034,55.3872469
Очер,5,617140,57.8852686,54.7161091
Пермь,5,614000,58.0102583,56.2342034
Соликамск,5,618541,59.6482998,56.771009
Усолье,5,618460,59.4277573,56.6837872
Чайковский,5,617760,56.7781501,54.1477965
Чердынь,5,618601,60.4011933,56.4799933
Чермоз,5,617040,58.7842834,56.1507138
Чернушка,5,617830,56.5160768,56.0763049
Чусовой,5,618200,58.2974596,57.8193615
Арсеньев,10,692330,44.1622031,133.2696209
Артем,10,692486,43.3501675,132.1596175
Большой Камень,10,692801,43.1111742,132.3480082
Владивосток,10,690000,43.1164904,131.8823937
Дальнегорск,10,692437,44.5539457,135.5662716
Дальнереченск,10,692130,45.9308483,133.7316907
Лесозаводск,10,692031,45.4780092,133.4186199
Находка,10,692900,42.8239372,132.8927361
Партизанск,10,692851,43.1280578,133.1264567
Спасск-Дальний,10,692230,44.5901175,132.8157288
Уссурийск,10,692500,43.7971818,131.9518229
Фокино,10,692880,42.9706317,132.4110196
Великие Луки,3,182100,56.332208,30.5508641
Гдов,3,181600,58.7432429,27.8264809
Дно,3,182670,57.826974,29.9629389
Невель,3,182500,56.0201973,29.9239983
Новоржев,3,182440,57.029807,29.3433083
Новосокольники,3,182200,56.3408431,30.1527573
Опочка,3,182333,56.710725,28.6717519
Остров,3,181353,57.3451528,28.3437593
Печоры,3,181502,57.8145817,27.622259
Порхов,3,182620,57.7765219,29.5436626
Псков,3,180000,57.8194415,28.3317198
Пустошка,3,182300,56.3374813,29.3668055
Пыталово,3,181410,57.0637952,27.9236214
Себеж,3,182250,56.2908554,28.4724326
Азов,3,346780,47.1121589,39.4232555
Аксай,3,346720,47.2676314,39.8756872
Батайск,3,346880,47.1383299,39.7507179
Белая Калитва,3,347040,48.1769737,40.8033529
Волгодонск,3,347360,47.5165338,42.1984951
Гуково,3,347870,48.0448904,39.9484672
Донецк,3,346330,48.3350706,39.945891
Зверево,3,346310,48.0435487,40.1265822
Зерноград,3,347740,46.8495958,40.312837
Каменск-Шахтинский,3,347800,48.3205326,40.2689583
Константиновск,3,347250,47.5773717,41.0967445
Красный Сулин,3,346350,47.8831311,40.0781298
Миллерово,3,346130,48.9260077,40.3984087
Морозовск,3,347210,48.3511807,41.8309225
Новочеркасск,3,346400,47.411919,40.1042098
Новошахтинск,3,346900,47.757773,39.9363697
Пролетарск,3,347540,46.7038963,41.727594
Ростов-на-Дону,3,344000,47.2224566,39.718803
Сальск,3,347630,46.4752095,41.5410415
Семикаракорск,3,346630,47.5177337,40.8114167
Таганрог,3,347900,47.2094917,38.9350989
Цимлянск,3,347320,47.6477448,42.0931505
Шахты,3,346500,47.7085287,40.2159846
Касимов,3,391300,54.9373475,41.3913211
Кораблино,3,391200,53.9246659,40.0227745
Михайлов,3,391710,54.2297402,39.0091481
Новомичуринск,3,391160,54.0376572,39.74654
Рыбное,3,391110,54.7256164,39.5134398
Ряжск,3,391960,53.7067584,40.0522274
Рязань,3,390000,54.6254445,39.7358609
Сасово,3,391430,54.3508885,41.9117422
Скопин,3,391800,53.823543,39.5492421
Спас-Клепики,3,391030,55.1291721,40.1745338
Спасск-Рязанский,3,391050,54.4070719,40.3763426
Шацк,3,391550,54.0287312,41.7181803
Жигулевск,4,445350,53.4011981,49.4945176
Кинель,4,446430,53.2210298,50.6343776
Нефтегорск,4,446600,52.7972914,51.1637392
Новокуйбышевск,4,446200,53.0994565,49.9477382
Октябрьск,4,445240,53.1640488,48.670762
Отрадный,4,446300,53.3800848,51.3438605
Похвистнево,4,446450,53.6498299,52.1235156
Самара,4,443000,53.1950306,50.1069518
Сызрань,4,446000,53.1558674,48.4744629
Тольятти,4,445000,53.5205348,49.3894028
Чапаевск,4,446100,52.928961,49.8673269
Аркадак,4,412210,51.938831,43.4999221
Аткарск,4,412420,51.8736062,45.0003247
Балаково,4,413840,52.0224231,47.7827765
Балашов,4,412300,51.5388697,43.1839757
Вольск,4,412900,52.0459865,47.3873595
Ершов,4,413500,51.3508505,48.2762226
Калининск,4,412480,51.4993591,44.4710435
Красноармейск,4,412800,51.023541,45.695044
Красный Кут,4,413230,50.9598317,46.9712016
Маркс,4,413075,51.7133337,46.7400339
Новоузенск,4,413360,50.455199,48.1413153
Петровск,4,412540,52.3094237,45.3851877
Пугачев,4,413720,52.0159921,48.7972223
Ртищево,4,412030,52.2616271,43.7842248
Саратов,4,410000,51.5303047,45.9529348
Хвалынск,4,412780,52.4951572,48.1045771
Шиханы,4,412950,52.1147391,47.2023118
Энгельс,4,413100,51.4854003,46.126722
Александровск-Сахалинский,11,694420,50.8974378,142.1578559
Анива,11,694030,46.713152,142.5265804
Долинск,11,694051,47.3255783,142.7945071
Корсаков,11,694020,46.6324545,142.799445
Курильск,11,694530,45.2270954,147.8796323
Макаров,11,694140,48.6236334,142.7803205
Невельск,11,694740,46.6526899,141.8630725
Оха,11,694490,53.5867839,142.9412411
Поронайск,11,694240,49.238866,143.1008333
Северо-Курильск,11,694550,50.6730577,156.1282211
Томари,11,694820,47.7620108,142.0615837
Углегорск,11,694920,49.0815774,142.0692639
Холмск,11,694620,47.0408423,142.041688
Южно-Сахалинск,11,693000,46.9591631,142.737976
Алапаевск,5,624600,57.8475571,61.6693817
Арамиль,5,624000,56.694632,60.8343125
Артемовский,5,623780,57.3384177,61.8947443
Асбест,5,624260,57.0052277,61.4581156
Березовский,5,623700,56.9095924,60.8180907
Богданович,5,623530,56.7764795,62.0463679
Верхний Тагил,5,624160,57.3763758,59.9517653
Верхняя Пышма,5,624090,56.9758903,60.5650383
Верхняя Салда,5,624760,58.0465803,60.5560164
Верхняя Тура,5,624320,58.3643685,59.8265235
Верхотурье,5,624380,58.8622073,60.8103945
Волчанск,5,624940,59.9351707,60.0798618
Дегтярск,5,623270,56.7048206,60.079138
Екатеринбург,5,620000,56.8385216,60.6054911
Заречный,5,624250,56.8102931,61.3380029
Ивдель,5,624590,60.6944496,60.4245069
Ирбит,5,623850,57.6838362,63.057675
Каменск-Уральский,5,623400,56.414962,61.9188674
Камышлов,5,624860,56.8465034,62.7119766
Карпинск,5,624930,59.7665925,60.0011703
Качканар,5,624350,58.7051762,59.4839155
Кировград,5,624140,57.4299433,60.0624051
Краснотурьинск,5,624440,59.7636635,60.1934525
Красноуральск,5,624330,58.348651,60.0408764
Красноуфимск,5,623300,56.612387,57.7636637
Кушва,5,624300,58.2826013,59.7645766
Лесной,5,624200,58.6348516,59.7981565
Михайловск,5,623080,56.4370039,59.1137316
Невьянск,5,624191,57.49131,60.2183429
Нижние Серги,5,623090,56.6544959,59.2953035
Нижний Тагил,5,622000,57.910126,59.9812853
Нижняя Салда,5,624740,58.0748272,60.7025418
Нижняя Тура,5,624220,58.6309267,59.8520344
Новая Ляля,5,624400,59.0538977,60.5944825
Новоуральск,5,624130,57.2472567,60.0956714
Первоуральск,5,623100,56.9080085,59.942926
Полевской,5,623382,56.4956952,60.2365298
Ревда,5,623280,56.7986319,59.9071591
Реж,5,623750,57.3717477,61.3833842
Североуральск,5,624480,60.1533109,59.9525245
Серов,5,624981,59.6047724,60.5753882
Среднеуральск,5,624070,56.9918901,60.4771018
Сухой Лог,5,624800,56.9076193,62.0358093
Сысерть,5,624021,56.5005715,60.8190003
Тавда,5,623950,58.0434672,65.274217
Талица,5,623640,57.0122687,63.7320757
Туринск,5,623900,58.0393524,63.6981973
Алагир,3,363240,43.0417684,44.2199715
Ардон,3,363331,43.1755152,44.2955775
Беслан,3,363020,43.1937529,44.5338707
Владикавказ,3,362000,43.020588,44.6819182
Дигора,3,363410,43.1567628,44.1549483
Моздок,3,363750,43.7471342,44.6569607
Велиж,3,216290,55.6057916,31.1856206
Вязьма,3,215110,55.2116983,34.2951663
Гагарин,3,215010,55.5525228,34.9950502
Демидов,3,216240,55.2682105,31.5062809
Десногорск,3,216400,54.146457,33.2833222
Дорогобуж,3,215710,54.9136959,33.3023162
Духовщина,3,216200,55.1950257,32.401252
Ельня,3,216330,54.5837795,33.1749867
Починок,3,216450,54.406244,32.4398039
Рославль,3,216500,53.9449558,32.8480258
Рудня,3,216790,54.9441093,31.0794806
Сафоново,3,215500,55.1199661,33.2336988
Смоленск,3,214000,54.7866913,31.8152477
Сычевка,3,215279,55.8308821,34.2778793
Ярцево,3,215800,55.0564732,32.6902302
Благодарный,3,356420,45.0989782,43.4306455
Буденновск,3,356800,44.7816067,44.1650339
Георгиевск,3,357820,44.1485694,43.4739851
Ессентуки,3,357600,44.0446186,42.8588653
Железноводск,3,357400,44.1320568,43.0306461
Зеленокумск,3,357910,44.4032668,43.8841877
Изобильный,3,356140,45.3684296,41.708702
Ипатово,3,356630,45.7181751,42.8970206
Кисловодск,3,357700,43.9052044,42.7168721
Лермонтов,3,357340,44.1054107,42.973135
Минеральные Воды,3,357200,44.2087273,43.138408
Михайловск,3,356240,45.1297323,42.0288443
Невинномысск,3,357100,44.6226031,41.9476723
Нефтекумск,3,356880,44.7544552,44.9865347
Новоалександровск,3,356000,45.4932733,41.2153996
Новопавловск,3,357300,43.9617097,43.6342865
Пятигорск,3,357500,44.041091,43.0661553
Светлоград,3,356530,45.328659,42.8565714
Ставрополь,3,355000,45.044516,41.9689655
Жердевка,3,393670,51.8422192,41.4617687
Кирсанов,3,393360,52.6506335,42.7286445
Котовск,3,393190,52.5924489,41.5101237
Мичуринск,3,393760,52.8912389,40.5104443
Моршанск,3,393929,53.4436216,41.8115478
Рассказово,3,393250,52.6538833,41.874285
Тамбов,3,392000,52.7213154,41.452264
Уварово,3,393460,51.9767841,42.2529799
Агрыз,3,422230,56.5232864,52.9943775
Азнакаево,3,423330,54.8598642,53.0745527
Альметьевск,3,423403,54.9014619,52.2970467
Арск,3,422000,56.0912567,49.877067
Бавлы,3,423930,54.4062891,53.2458065
Болгар,3,422840,54.974891,49.0303882
Бугульма,3,423230,54.5363495,52.7895849
Буинск,3,422430,54.9641538,48.2901209
Елабуга,3,423600,55.7567107,52.0543794
Заинск,3,423520,55.299053,52.0062972
Зеленодольск,3,422521,55.8466651,48.5010954
Иннополис,3,420500,55.7521699,48.7446846
Казань,3,420000,55.7943584,49.1114975
Кукмор,3,422110,56.1861392,50.8970238
Лаишево,3,422610,55.4042867,49.5499838
Лениногорск,3,423250,54.5967034,52.4431906
Мамадыш,3,422190,55.7150413,51.4129016
Менделеевск,3,423650,55.895169,52.3143347
Мензелинск,3,423700,55.7270698,53.1003968
Набережные Челны,3,423800,55.7434619,52.3959165
Нижнекамск,3,423570,55.6313609,51.8144669
Нурлат,3,423040,54.4281461,50.8049337
Тетюши,3,422370,54.936516,48.8314533
Чистополь,3,422951,55.3699139,50.6285784
Андреаполь,3,172800,56.6506724,32.2620163
Бежецк,3,171980,57.7860089,36.6904983
Белый,3,172530,55.8339056,32.9389741
Бологое,3,171070,57.8855767,34.0537771
Весьегонск,3,171720,58.6582598,37.2567558
Вышний Волочек,3,171150,57.568302,34.5404016
Западная Двина,3,172610,56.2566492,32.0805315
Зубцов,3,172332,56.1760868,34.5825515
Калязин,3,171571,57.2579478,37.7819693
Кашин,3,171640,57.360194,37.6119436
Кимры,3,171500,56.8733213,37.3556605
Конаково,3,171250,56.7275204,36.8012716
Красный Холм,3,171660,58.0571446,37.1126156
Кувшиново,3,172110,57.0265168,34.1676009
Лихославль,3,171210,57.1221304,35.4667605
Нелидово,3,172520,56.2232566,32.7767459
Осташков,3,172730,57.1456744,33.1115372
Ржев,3,172380,56.262881,34.3291002
Старица,3,171360,56.514876,34.9336396
Тверь,3,170000,56.8586059,35.9116761
Торжок,3,172000,57.04133,34.9602344
Торопец,3,172842,56.5012188,31.6355466
Удомля,3,171841,57.8787314,35.0167348
Асино,7,636840,56.9907085,86.1765257
Кедровый,7,636615,57.561869,79.5677821
Колпашево,7,636460,58.3114253,82.9025829
Северск,7,636000,56.6031285,84.8809926
Стрежевой,7,636780,60.732895,77.604122
Томск,7,634000,56.4845804,84.9481582
Алексин,3,301352,54.5083349,37.0478067
Белев,3,301530,53.8114179,36.1382247
Богородицк,3,301830,53.7701014,38.1225152
Болохово,3,301280,54.0820349,37.826724
Венев,3,301320,54.3542315,38.2642236
Донской,3,301760,53.9678944,38.3371824
Ефремов,3,301840,53.1464766,38.0921657
Кимовск,3,301720,53.9698378,38.5380808
Киреевск,3,301260,53.9319555,37.9220351
Липки,3,301264,53.9417551,37.7020148
Новомосковск,3,301650,54.0109075,38.2914024
Плавск,3,301470,53.7096415,37.2862352
Советск,3,301205,53.9338874,37.6316141
Суворов,3,301430,54.1343585,36.4807419
Тула,3,300000,54.1920559,37.6153842
Узловая,3,301600,53.9730452,38.1763201
Чекалин,3,301414,54.0984438,36.2474142
Щекино,3,301240,54.0020652,37.5176288
Ясногорск,3,301030,54.4795484,37.6896048
Ак-Довурак,7,668050,51.178452,90.5985129
Кызыл,7,667000,51.7191047,94.4376882
Туран,7,668510,52.1449619,93.9173396
Чадан,7,668110,51.2844502,91.5788609
Шагонар,7,668210,51.5346393,92.9199675
Заводоуковск,5,627140,56.5027463,66.5513613
Ишим,5,627705,56.1104858,69.4795776
Тобольск,5,626150,58.2017299,68.2538558
Тюмень,5,625000,57.1529744,65.5344099
Ялуторовск,5,627010,56.6547289,66.3122992
Воткинск,4,427430,57.0518149,53.9873096
Глазов,4,427620,58.1359233,52.6635038
Ижевск,4,426000,56.852738,53.2114896
Камбарка,4,427950,56.2659916,54.193374
Можга,4,427752,56.4427774,52.2137886
Сарапул,4,427960,56.4615767,53.8037657
Барыш,4,433750,53.6533992,47.1181134
Димитровград,4,433500,54.2167926,49.6262585
Инза,4,433030,53.8549647,46.3533459
Новоульяновск,4,433300,54.1447956,48.3910789
Сенгилей,4,433380,53.958964,48.7768269
Ульяновск,4,432000,54.3079415,48.3748487
Амурск,10,682640,50.2344147,136.8792444
Бикин,10,682970,46.8185743,134.2550718
Вяземский,10,682950,47.5353379,134.7553856
Комсомольск-на-Амуре,10,681000,50.5498936,137.0079408
Николаевск-на-Амуре,10,682460,53.1460657,140.7111367
Советская Гавань,10,682800,48.9664966,140.285174
Хабаровск,10,680000,48.4647258,135.0598942
Абаза,7,655750,52.6516647,90.0885686
Абакан,7,655000,53.7223325,91.4436721
Саяногорск,7,655602,53.1008083,91.4122454
Сорск,7,655111,54.0002888,90.2594446
Черногорск,7,655151,53.8259342,91.3260229
Белоярский,5,628160,63.7121099,66.6772226
Когалым,5,628481,62.2639527,74.4829794
Лангепас,5,628671,61.2536939,75.1807763
Лянтор,5,628449,61.6392863,72.179409
Мегион,5,628680,61.0318712,76.1025878
Нефтеюганск,5,628301,61.0882676,72.6164079
Нижневартовск,5,628600,60.9396698,76.5696184
Нягань,5,628181,62.1454701,65.3946047
Покачи,5,628660,61.7422169,75.5941517
Пыть-Ях,5,628380,60.7585833,72.8365617
Радужный,5,628461,62.1342888,77.4584094
Советский,5,628240,61.3706913,63.5667222
Сургут,5,628400,61.2541083,73.3961587
Урай,5,628280,60.1296954,64.8038508
Ханты-Мансийск,5,628000,61.0023984,69.0184798
Югорск,5,628260,61.3123568,63.3365484
Аша,5,456015,54.9906527,57.2783953
Бакал,5,456900,54.9406399,58.8051698
Верхнеуральск,5,457670,53.8760961,59.2169852
Верхний Уфалей,5,456800,56.0487158,60.2318886
Еманжелинск,5,456580,54.7554548,61.3243477
Златоуст,5,456200,55.1714905,59.6725549
Карабаш,5,456140,55.4852323,60.2358881
Карталы,5,457353,53.0536197,60.6478408
Касли,5,456833,55.8868784,60.7421663
Катав-Ивановск,5,456110,54.7521438,58.1983648
Копейск,5,456600,55.116665,61.6179185
Коркино,5,456550,54.8903147,61.4034576
Куса,5,456940,55.3386053,59.4385778
Кыштым,5,456870,55.7061276,60.5563781
Магнитогорск,5,455000,53.4072153,58.9791437
Миасс,5,456300,55.0456457,60.1077572
Миньяр,5,456007,55.0709557,57.548478
Нязепетровск,5,456971,56.0536895,59.6097202
Озерск,5,456780,55.763154,60.7076198
Пласт,5,457020,54.3692764,60.8151894
Сатка,5,456913,55.0405288,59.0288975
Сим,5,456020,54.9907827,57.6900155
Снежинск,5,456770,56.0851495,60.7324914
Трехгорный,5,456080,54.8178249,58.4464194
Троицк,5,457100,54.0843745,61.5586831
Усть-Катав,5,456040,54.9260812,58.152805
Чебаркуль,5,456439,54.9818567,60.3773121
Челябинск,5,454000,55.1602624,61.4008078
Южноуральск,5,457040,54.448927,61.2581158
Юрюзань,5,456120,54.854662,58.4226698
Грозный,3,364000,43.3180145,45.698291
Гудермес,3,366200,43.3519142,46.1035645
Курчалой,3,366314,43.2046547,46.0889364
Шали,3,366300,43.1488691,45.9009629
Алатырь,3,429820,54.8397989,46.5721997
Канаш,3,429330,55.507,47.4918273
Козловка,3,429430,55.8406025,48.2577735
Мариинский Посад,3,429570,56.111923,47.7142942
Новочебоксарск,3,429950,56.1094977,47.4791113
Цивильск,3,429900,55.8650213,47.4729349
Чебоксары,3,428000,56.1438298,47.2489782
Шумерля,3,429120,55.4962415,46.4182681
Ядрин,3,429061,55.9406974,46.2020896
Анадырь,12,689000,64.7313924,177.5015421
Билибино,12,689450,68.0584191,166.4388172
Певек,12,689400,69.7016661,170.2999022
Алдан,9,678900,58.6094283,125.3817188
Верхоянск,10,678530,67.5502451,133.390735
Вилюйск,9,678200,63.7517616,121.627284
Ленск,9,678141,60.7276196,114.9548255
Мирный,9,678170,62.536232,113.9667728
Нерюнгри,9,678960,56.6599953,124.7202403
Нюрба,9,678450,63.2828955,118.3242437
Олекминск,9,678100,60.3758006,120.4060878
Покровск,9,678000,61.4843503,129.1482392
Среднеколымск,11,678790,67.4582218,153.7069425
Томмот,9,678953,58.9586859,126.2875462
Удачный,9,678188,66.4071765,112.3061555
Якутск,9,677000,62.0281405,129.7325887
Губкинский,5,629830,64.4457594,76.4713274
Лабытнанги,5,629400,66.6592841,66.3883009
Муравленко,5,629601,63.7940552,74.4948635
Надым,5,629734,65.5377966,72.5182736
Новый Уренгой,5,629300,66.0839433,76.6809681
Ноябрьск,5,629800,63.2018039,75.4510581
Салехард,5,629000,66.5492077,66.6085318
Тарко-Сале,5,629850,64.9118803,77.7610236
Гаврилов-Ям,3,152240,57.3091058,39.8546444
Данилов,3,152070,58.1860098,40.1795067
Любим,3,152470,58.3620228,40.686841
Мышкин,3,152830,57.7881684,38.4544224
Переславль-Залесский,3,152020,56.7360544,38.8543617
Пошехонье,3,152850,58.5062879,39.1208434
Ростов,3,152150,57.2051315,39.4378622
Рыбинск,3,152900,58.0485495,38.8584119
Тутаев,3,152300,57.8674993,39.5369627
Углич,3,152610,57.5224249,38.3020044
Ярославль,3,150000,57.6215477,39.8977411
